"CHROM","qtl","start","end","length","nSNPs","avgSNPs_Mb","peakDeltaSNP","posPeakDeltaSNP","avgDeltaSNP","maxGprime","posMaxGprime","meanGprime","sdGprime","AUCaT","meanPval","meanQval"
"NC_029256.1",1,25947968,34589353,8641385,26946,3118,-0.381750379520555,31110361,-0.346293365672387,23.8518900481306,31110361,19.7006301000993,2.72108500940599,54460572.5151628,0.000528893171885458,0.0138655603668398
"NC_029257.1",2,9449360,19390215,9940855,34721,3493,-0.309250313991427,10113941,-0.302782322130793,15.7440905657836,10108931,14.4979724649428,0.514542785175071,13482172.1682336,0.00169692148855166,0.0189851511118692
"NC_029263.1",3,17944918,25698533,7753615,22466,2897,0.39962356617407,23549252,0.320645295735097,25.298969380355,23549252,16.6889811150177,3.95436700429363,30356448.4419417,0.00137168422752413,0.0171263956436829
"NC_029263.1",4,26188730,26933965,745235,517,694,0.281466843495412,26215686,0.280852370407737,13.4096865316991,26662107,13.2494581466291,0.0538489809034964,89042.6304516564,0.0025097123906421,0.0198446108010796
"NC_029265.1",5,19012557,19638937,626380,2275,3632,-0.288279503891484,19575461,-0.28641992733494,13.3974045806164,19575461,13.3035778641563,0.0583064928998605,64666.3899383447,0.00246484605663819,0.0197047325067595
